{
    "counter": {
        "ACTIVE": 427,
        "INACTIVE": 4,
        "INVALID": 0,
        "MALICIOUS": 0,
        "SANE": 0,
        "VALID": 0,
        "total": 431
    },
    "percentage": {
        "ACTIVE": 99.07192575406033,
        "INACTIVE": 1.3986013986013985,
        "INVALID": 0,
        "MALICIOUS": 0,
        "SANE": 0,
        "VALID": 0,
        "total": 100.47052715266173
    }
}