{
    "counter": {
        "ACTIVE": 349,
        "INACTIVE": 1,
        "INVALID": 0,
        "MALICIOUS": 0,
        "SANE": 0,
        "VALID": 0,
        "total": 350
    },
    "percentage": {
        "ACTIVE": 99.71428571428571,
        "INACTIVE": 0.3472222222222222,
        "INVALID": 0,
        "MALICIOUS": 0,
        "SANE": 0,
        "VALID": 0,
        "total": 100.06150793650794
    }
}