{
    "counter": {
        "ACTIVE": 389,
        "INACTIVE": 7,
        "INVALID": 0,
        "MALICIOUS": 0,
        "SANE": 0,
        "VALID": 0,
        "total": 396
    },
    "percentage": {
        "ACTIVE": 98.48101265822785,
        "INACTIVE": 1.7676767676767677,
        "INVALID": 0,
        "MALICIOUS": 0,
        "SANE": 0,
        "VALID": 0,
        "total": 100.24868942590462
    }
}