{
    "counter": {
        "ACTIVE": 414,
        "INACTIVE": 10,
        "INVALID": 0,
        "MALICIOUS": 0,
        "SANE": 0,
        "VALID": 0,
        "total": 424
    },
    "percentage": {
        "ACTIVE": 97.64150943396227,
        "INACTIVE": 2.4154589371980677,
        "INVALID": 0,
        "MALICIOUS": 0,
        "SANE": 0,
        "VALID": 0,
        "total": 100.05696837116034
    }
}