{
    "counter": {
        "ACTIVE": 409,
        "INACTIVE": 5,
        "INVALID": 0,
        "MALICIOUS": 0,
        "SANE": 0,
        "VALID": 0,
        "total": 414
    },
    "percentage": {
        "ACTIVE": 98.79227053140097,
        "INACTIVE": 1.2820512820512822,
        "INVALID": 0,
        "MALICIOUS": 0,
        "SANE": 0,
        "VALID": 0,
        "total": 100.07432181345226
    }
}