{
    "counter": {
        "ACTIVE": 419,
        "INACTIVE": 8,
        "INVALID": 0,
        "MALICIOUS": 0,
        "SANE": 0,
        "VALID": 0,
        "total": 427
    },
    "percentage": {
        "ACTIVE": 98.1264637002342,
        "INACTIVE": 2.0151133501259446,
        "INVALID": 0,
        "MALICIOUS": 0,
        "SANE": 0,
        "VALID": 0,
        "total": 100.14157705036014
    }
}