{
    "counter": {
        "ACTIVE": 401,
        "INACTIVE": 1,
        "INVALID": 0,
        "MALICIOUS": 0,
        "SANE": 0,
        "VALID": 0,
        "total": 402
    },
    "percentage": {
        "ACTIVE": 99.75124378109453,
        "INACTIVE": 0.34843205574912894,
        "INVALID": 0,
        "MALICIOUS": 0,
        "SANE": 0,
        "VALID": 0,
        "total": 100.09967583684366
    }
}