{
    "counter": {
        "ACTIVE": 398,
        "INACTIVE": 3,
        "INVALID": 0,
        "MALICIOUS": 0,
        "SANE": 0,
        "VALID": 0,
        "total": 401
    },
    "percentage": {
        "ACTIVE": 99.25187032418953,
        "INACTIVE": 0.8746355685131195,
        "INVALID": 0,
        "MALICIOUS": 0,
        "SANE": 0,
        "VALID": 0,
        "total": 100.12650589270264
    }
}