{
    "counter": {
        "ACTIVE": 415,
        "INACTIVE": 5,
        "INVALID": 0,
        "MALICIOUS": 0,
        "SANE": 0,
        "VALID": 0,
        "total": 420
    },
    "percentage": {
        "ACTIVE": 98.80952380952381,
        "INACTIVE": 1.440922190201729,
        "INVALID": 0,
        "MALICIOUS": 0,
        "SANE": 0,
        "VALID": 0,
        "total": 100.25044599972554
    }
}