{
    "counter": {
        "ACTIVE": 408,
        "INACTIVE": 3,
        "INVALID": 0,
        "MALICIOUS": 0,
        "SANE": 0,
        "VALID": 0,
        "total": 411
    },
    "percentage": {
        "ACTIVE": 99.27007299270073,
        "INACTIVE": 0.7371007371007371,
        "INVALID": 0,
        "MALICIOUS": 0,
        "SANE": 0,
        "VALID": 0,
        "total": 100.00717372980147
    }
}