{
    "counter": {
        "ACTIVE": 423,
        "INACTIVE": 1,
        "INVALID": 0,
        "MALICIOUS": 0,
        "SANE": 0,
        "VALID": 0,
        "total": 424
    },
    "percentage": {
        "ACTIVE": 99.76415094339623,
        "INACTIVE": 0.3472222222222222,
        "INVALID": 0,
        "MALICIOUS": 0,
        "SANE": 0,
        "VALID": 0,
        "total": 100.11137316561846
    }
}