{
    "counter": {
        "ACTIVE": 424,
        "INACTIVE": 1,
        "INVALID": 0,
        "MALICIOUS": 0,
        "SANE": 0,
        "VALID": 0,
        "total": 425
    },
    "percentage": {
        "ACTIVE": 99.76470588235294,
        "INACTIVE": 0.25252525252525254,
        "INVALID": 0,
        "MALICIOUS": 0,
        "SANE": 0,
        "VALID": 0,
        "total": 100.01723113487819
    }
}