{
    "counter": {
        "ACTIVE": 427,
        "INACTIVE": 7,
        "INVALID": 0,
        "MALICIOUS": 0,
        "SANE": 0,
        "VALID": 0,
        "total": 434
    },
    "percentage": {
        "ACTIVE": 98.38709677419355,
        "INACTIVE": 2.348993288590604,
        "INVALID": 0,
        "MALICIOUS": 0,
        "SANE": 0,
        "VALID": 0,
        "total": 100.73609006278416
    }
}