{
    "counter": {
        "ACTIVE": 423,
        "INACTIVE": 5,
        "INVALID": 0,
        "MALICIOUS": 0,
        "SANE": 0,
        "VALID": 0,
        "total": 428
    },
    "percentage": {
        "ACTIVE": 98.83177570093459,
        "INACTIVE": 2.074688796680498,
        "INVALID": 0,
        "MALICIOUS": 0,
        "SANE": 0,
        "VALID": 0,
        "total": 100.90646449761509
    }
}