{
    "counter": {
        "ACTIVE": 425,
        "INACTIVE": 3,
        "INVALID": 0,
        "MALICIOUS": 0,
        "SANE": 0,
        "VALID": 0,
        "total": 428
    },
    "percentage": {
        "ACTIVE": 99.29906542056075,
        "INACTIVE": 0.9584664536741214,
        "INVALID": 0,
        "MALICIOUS": 0,
        "SANE": 0,
        "VALID": 0,
        "total": 100.25753187423487
    }
}