{
    "counter": {
        "ACTIVE": 422,
        "INACTIVE": 7,
        "INVALID": 0,
        "MALICIOUS": 0,
        "SANE": 0,
        "VALID": 0,
        "total": 429
    },
    "percentage": {
        "ACTIVE": 98.36829836829837,
        "INACTIVE": 1.6826923076923077,
        "INVALID": 0,
        "MALICIOUS": 0,
        "SANE": 0,
        "VALID": 0,
        "total": 100.05099067599068
    }
}