{
    "counter": {
        "ACTIVE": 385,
        "INACTIVE": 1,
        "INVALID": 0,
        "MALICIOUS": 0,
        "SANE": 0,
        "VALID": 0,
        "total": 386
    },
    "percentage": {
        "ACTIVE": 99.74093264248705,
        "INACTIVE": 0.33112582781456956,
        "INVALID": 0,
        "MALICIOUS": 0,
        "SANE": 0,
        "VALID": 0,
        "total": 100.07205847030163
    }
}