{
    "counter": {
        "ACTIVE": 429,
        "INACTIVE": 3,
        "INVALID": 0,
        "MALICIOUS": 0,
        "SANE": 0,
        "VALID": 0,
        "total": 432
    },
    "percentage": {
        "ACTIVE": 99.30555555555556,
        "INACTIVE": 1.094890510948905,
        "INVALID": 0,
        "MALICIOUS": 0,
        "SANE": 0,
        "VALID": 0,
        "total": 100.40044606650446
    }
}